postcode,place_id,distance,duration
5087,ChIJib2Vy7HKsGoR4HS6RVU2Aw8,9.1,15.07
5087,ChIJA8JbLlhLt2oRwQltOFgMf40,9.38,14.07
5000,ChIJib2Vy7HKsGoR4HS6RVU2Aw8,11.82,21.13
5000,ChIJA8JbLlhLt2oRwQltOFgMf40,17.78,28.45
5087,ChIJu3UpY0zRsGoRLMloCgGsIcA,19.53,30.15
5087,ChIJHc3SHVrasGoRMPi5RVU2Aw8,21.93,36.13
5087,ChIJty3Z1SLKsGoRQHS6RVU2Aw8,4.69,7.58
5087,ChIJscH3eyHJsGoRjMLoSHcIsm4,6.84,10.93
5000,ChIJu3UpY0zRsGoRLMloCgGsIcA,10.53,19.1
5000,ChIJHc3SHVrasGoRMPi5RVU2Aw8,12.32,20.75
5000,ChIJty3Z1SLKsGoRQHS6RVU2Aw8,8.59,17.15
5000,ChIJscH3eyHJsGoRjMLoSHcIsm4,3.35,10.98
5070,ChIJA8JbLlhLt2oRwQltOFgMf40,11.75,16.82
5070,ChIJib2Vy7HKsGoR4HS6RVU2Aw8,6.99,11.92
5070,ChIJu3UpY0zRsGoRLMloCgGsIcA,15.66,23.8
5070,ChIJHc3SHVrasGoRMPi5RVU2Aw8,19.15,31.25
5070,ChIJty3Z1SLKsGoRQHS6RVU2Aw8,2.56,5.5
5070,ChIJscH3eyHJsGoRjMLoSHcIsm4,5.91,9.65
5037,ChIJA8JbLlhLt2oRwQltOFgMf40,24.45,38.73
5037,ChIJib2Vy7HKsGoR4HS6RVU2Aw8,18.77,31.47
5037,ChIJu3UpY0zRsGoRLMloCgGsIcA,13.69,24.28
5037,ChIJHc3SHVrasGoRMPi5RVU2Aw8,7.78,13.37
5037,ChIJty3Z1SLKsGoRQHS6RVU2Aw8,15.54,27.48
5037,ChIJscH3eyHJsGoRjMLoSHcIsm4,10.66,19.12
5063,ChIJA8JbLlhLt2oRwQltOFgMf40,18.14,27.4
5063,ChIJib2Vy7HKsGoR4HS6RVU2Aw8,12.18,20.08
5063,ChIJu3UpY0zRsGoRLMloCgGsIcA,8.25,13.28
5063,ChIJHc3SHVrasGoRMPi5RVU2Aw8,14.05,23.57
5063,ChIJty3Z1SLKsGoRQHS6RVU2Aw8,8.95,16.08
5063,ChIJscH3eyHJsGoRjMLoSHcIsm4,6.46,11.42
5067,ChIJA8JbLlhLt2oRwQltOFgMf40,14.68,21.52
5067,ChIJib2Vy7HKsGoR4HS6RVU2Aw8,8.08,14.73
5067,ChIJu3UpY0zRsGoRLMloCgGsIcA,11.63,18.58
5067,ChIJHc3SHVrasGoRMPi5RVU2Aw8,16.09,26.2
5067,ChIJty3Z1SLKsGoRQHS6RVU2Aw8,5.49,10.2
5067,ChIJscH3eyHJsGoRjMLoSHcIsm4,4.69,8.37
5114,ChIJA8JbLlhLt2oRwQltOFgMf40,16.58,17.62
5114,ChIJib2Vy7HKsGoR4HS6RVU2Aw8,28.51,33.65
5114,ChIJu3UpY0zRsGoRLMloCgGsIcA,43.96,57.03
5114,ChIJHc3SHVrasGoRMPi5RVU2Aw8,49.29,56.03
5114,ChIJty3Z1SLKsGoRQHS6RVU2Aw8,27.48,32.83
5114,ChIJscH3eyHJsGoRjMLoSHcIsm4,30.9,35.77
5076,ChIJA8JbLlhLt2oRwQltOFgMf40,10.1,13.22
5076,ChIJib2Vy7HKsGoR4HS6RVU2Aw8,3.87,5.43
5076,ChIJu3UpY0zRsGoRLMloCgGsIcA,23.49,33.75
5076,ChIJHc3SHVrasGoRMPi5RVU2Aw8,26.51,41.63
5076,ChIJty3Z1SLKsGoRQHS6RVU2Aw8,6.47,10.43
5076,ChIJscH3eyHJsGoRjMLoSHcIsm4,13.27,20.02
5006,ChIJA8JbLlhLt2oRwQltOFgMf40,15.92,24.93
5006,ChIJib2Vy7HKsGoR4HS6RVU2Aw8,12.9,21.83
5006,ChIJu3UpY0zRsGoRLMloCgGsIcA,14.79,25.6
5006,ChIJHc3SHVrasGoRMPi5RVU2Aw8,14.5,24.82
5006,ChIJty3Z1SLKsGoRQHS6RVU2Aw8,8.47,15.42
5006,ChIJscH3eyHJsGoRjMLoSHcIsm4,0.54,1.75
5074,ChIJA8JbLlhLt2oRwQltOFgMf40,8.35,11.03
5074,ChIJib2Vy7HKsGoR4HS6RVU2Aw8,4.29,6.48
5074,ChIJu3UpY0zRsGoRLMloCgGsIcA,19.05,29.03
5074,ChIJHc3SHVrasGoRMPi5RVU2Aw8,22.54,36.48
5074,ChIJty3Z1SLKsGoRQHS6RVU2Aw8,2.85,4.98
5074,ChIJscH3eyHJsGoRjMLoSHcIsm4,9.31,14.87
5126,ChIJA8JbLlhLt2oRwQltOFgMf40,3.79,6.25
5126,ChIJib2Vy7HKsGoR4HS6RVU2Aw8,16.57,22.22
5126,ChIJu3UpY0zRsGoRLMloCgGsIcA,32.01,45.6
5126,ChIJHc3SHVrasGoRMPi5RVU2Aw8,33.84,52.62
5126,ChIJty3Z1SLKsGoRQHS6RVU2Aw8,15.54,21.4
5126,ChIJscH3eyHJsGoRjMLoSHcIsm4,18.75,27.4
5097,ChIJA8JbLlhLt2oRwQltOFgMf40,3.65,5.73
5097,ChIJib2Vy7HKsGoR4HS6RVU2Aw8,12.6,18.13
5097,ChIJu3UpY0zRsGoRLMloCgGsIcA,28.05,41.52
5097,ChIJHc3SHVrasGoRMPi5RVU2Aw8,29.66,47.6
5097,ChIJty3Z1SLKsGoRQHS6RVU2Aw8,11.57,17.32
5097,ChIJscH3eyHJsGoRjMLoSHcIsm4,14.56,22.4
5090,ChIJA8JbLlhLt2oRwQltOFgMf40,3.3,4.9
5090,ChIJib2Vy7HKsGoR4HS6RVU2Aw8,8.76,12.95
5090,ChIJu3UpY0zRsGoRLMloCgGsIcA,24.21,36.35
5090,ChIJHc3SHVrasGoRMPi5RVU2Aw8,27.61,43.65
5090,ChIJty3Z1SLKsGoRQHS6RVU2Aw8,7.73,12.15
5090,ChIJscH3eyHJsGoRjMLoSHcIsm4,12.51,18.45
5125,ChIJA8JbLlhLt2oRwQltOFgMf40,8.75,12.4
5125,ChIJib2Vy7HKsGoR4HS6RVU2Aw8,19.62,26.65
5125,ChIJu3UpY0zRsGoRLMloCgGsIcA,33.72,49.02
5125,ChIJHc3SHVrasGoRMPi5RVU2Aw8,42.16,52.08
5125,ChIJty3Z1SLKsGoRQHS6RVU2Aw8,17.57,24.23
5125,ChIJscH3eyHJsGoRjMLoSHcIsm4,20.86,28.88
5095,ChIJA8JbLlhLt2oRwQltOFgMf40,13.35,19.0
5095,ChIJib2Vy7HKsGoR4HS6RVU2Aw8,14.55,22.2
5095,ChIJu3UpY0zRsGoRLMloCgGsIcA,24.87,38.1
5095,ChIJHc3SHVrasGoRMPi5RVU2Aw8,29.85,36.75
5095,ChIJty3Z1SLKsGoRQHS6RVU2Aw8,12.14,19.13
5095,ChIJscH3eyHJsGoRjMLoSHcIsm4,11.02,16.13
5092,ChIJA8JbLlhLt2oRwQltOFgMf40,5.63,8.97
5092,ChIJib2Vy7HKsGoR4HS6RVU2Aw8,12.11,18.73
5092,ChIJu3UpY0zRsGoRLMloCgGsIcA,27.28,40.72
5092,ChIJHc3SHVrasGoRMPi5RVU2Aw8,29.51,45.78
5092,ChIJty3Z1SLKsGoRQHS6RVU2Aw8,11.13,15.95
5092,ChIJscH3eyHJsGoRjMLoSHcIsm4,14.42,20.58
5073,ChIJA8JbLlhLt2oRwQltOFgMf40,10.38,14.15
5073,ChIJib2Vy7HKsGoR4HS6RVU2Aw8,1.39,3.3
5073,ChIJu3UpY0zRsGoRLMloCgGsIcA,19.3,28.27
5073,ChIJHc3SHVrasGoRMPi5RVU2Aw8,23.85,36.93
5073,ChIJty3Z1SLKsGoRQHS6RVU2Aw8,3.97,7.35
5073,ChIJscH3eyHJsGoRjMLoSHcIsm4,10.32,16.25
5091,ChIJA8JbLlhLt2oRwQltOFgMf40,0.71,0.93
5091,ChIJib2Vy7HKsGoR4HS6RVU2Aw8,13.14,17.17
5091,ChIJu3UpY0zRsGoRLMloCgGsIcA,28.59,40.55
5091,ChIJHc3SHVrasGoRMPi5RVU2Aw8,32.07,48.02
5091,ChIJty3Z1SLKsGoRQHS6RVU2Aw8,12.11,16.35
5091,ChIJscH3eyHJsGoRjMLoSHcIsm4,16.67,23.88
5577,ChIJA8JbLlhLt2oRwQltOFgMf40,250.85,175.97
5577,ChIJib2Vy7HKsGoR4HS6RVU2Aw8,255.98,180.88
5577,ChIJu3UpY0zRsGoRLMloCgGsIcA,267.46,188.55
5577,ChIJHc3SHVrasGoRMPi5RVU2Aw8,264.19,183.18
5577,ChIJty3Z1SLKsGoRQHS6RVU2Aw8,256.39,174.6
5577,ChIJscH3eyHJsGoRjMLoSHcIsm4,252.31,167.32
5108,ChIJA8JbLlhLt2oRwQltOFgMf40,15.91,23.05
5108,ChIJib2Vy7HKsGoR4HS6RVU2Aw8,22.49,32.05
5108,ChIJu3UpY0zRsGoRLMloCgGsIcA,32.51,47.28
5108,ChIJHc3SHVrasGoRMPi5RVU2Aw8,35.17,40.5
5108,ChIJty3Z1SLKsGoRQHS6RVU2Aw8,20.08,28.98
5108,ChIJscH3eyHJsGoRjMLoSHcIsm4,18.65,25.33
5089,ChIJA8JbLlhLt2oRwQltOFgMf40,3.65,6.02
5089,ChIJib2Vy7HKsGoR4HS6RVU2Aw8,9.73,14.58
5089,ChIJu3UpY0zRsGoRLMloCgGsIcA,25.17,37.97
5089,ChIJHc3SHVrasGoRMPi5RVU2Aw8,28.66,45.43
5089,ChIJty3Z1SLKsGoRQHS6RVU2Aw8,8.7,13.77
5089,ChIJscH3eyHJsGoRjMLoSHcIsm4,14.17,21.77
5013,ChIJA8JbLlhLt2oRwQltOFgMf40,17.68,26.22
5013,ChIJib2Vy7HKsGoR4HS6RVU2Aw8,18.71,28.9
5013,ChIJu3UpY0zRsGoRLMloCgGsIcA,24.07,39.17
5013,ChIJHc3SHVrasGoRMPi5RVU2Aw8,21.1,32.9
5013,ChIJty3Z1SLKsGoRQHS6RVU2Aw8,15.11,24.32
5013,ChIJscH3eyHJsGoRjMLoSHcIsm4,9.83,16.67
5086,ChIJA8JbLlhLt2oRwQltOFgMf40,9.52,14.08
5086,ChIJib2Vy7HKsGoR4HS6RVU2Aw8,8.96,14.43
5086,ChIJu3UpY0zRsGoRLMloCgGsIcA,20.23,31.78
5086,ChIJHc3SHVrasGoRMPi5RVU2Aw8,22.46,36.85
5086,ChIJty3Z1SLKsGoRQHS6RVU2Aw8,5.85,9.22
5086,ChIJscH3eyHJsGoRjMLoSHcIsm4,7.37,11.65
5081,ChIJA8JbLlhLt2oRwQltOFgMf40,12.72,18.5
5081,ChIJib2Vy7HKsGoR4HS6RVU2Aw8,9.3,14.67
5081,ChIJu3UpY0zRsGoRLMloCgGsIcA,15.78,25.3
5081,ChIJHc3SHVrasGoRMPi5RVU2Aw8,18.01,30.37
5081,ChIJty3Z1SLKsGoRQHS6RVU2Aw8,4.87,8.25
5081,ChIJscH3eyHJsGoRjMLoSHcIsm4,2.92,5.17
5096,ChIJA8JbLlhLt2oRwQltOFgMf40,9.29,14.5
5096,ChIJib2Vy7HKsGoR4HS6RVU2Aw8,13.8,20.58
5096,ChIJu3UpY0zRsGoRLMloCgGsIcA,26.44,40.65
5096,ChIJHc3SHVrasGoRMPi5RVU2Aw8,33.19,40.93
5096,ChIJty3Z1SLKsGoRQHS6RVU2Aw8,11.39,17.52
5096,ChIJscH3eyHJsGoRjMLoSHcIsm4,14.79,20.58
7025,ChIJA8JbLlhLt2oRwQltOFgMf40,1418.26,1320.27
7025,ChIJib2Vy7HKsGoR4HS6RVU2Aw8,1409.06,1306.95
7025,ChIJu3UpY0zRsGoRLMloCgGsIcA,1408.33,1302.4
7025,ChIJHc3SHVrasGoRMPi5RVU2Aw8,1420.37,1318.3
7025,ChIJty3Z1SLKsGoRQHS6RVU2Aw8,1415.87,1312.12
7025,ChIJscH3eyHJsGoRjMLoSHcIsm4,1414.57,1310.38
5034,ChIJA8JbLlhLt2oRwQltOFgMf40,20.73,31.93
5034,ChIJib2Vy7HKsGoR4HS6RVU2Aw8,14.77,24.62
5034,ChIJu3UpY0zRsGoRLMloCgGsIcA,9.89,16.08
5034,ChIJHc3SHVrasGoRMPi5RVU2Aw8,10.56,17.72
5034,ChIJty3Z1SLKsGoRQHS6RVU2Aw8,11.54,20.63
5034,ChIJscH3eyHJsGoRjMLoSHcIsm4,6.31,14.3
5127,ChIJA8JbLlhLt2oRwQltOFgMf40,7.18,11.4
5127,ChIJib2Vy7HKsGoR4HS6RVU2Aw8,15.09,21.8
5127,ChIJu3UpY0zRsGoRLMloCgGsIcA,28.82,43.5
5127,ChIJHc3SHVrasGoRMPi5RVU2Aw8,31.06,48.57
5127,ChIJty3Z1SLKsGoRQHS6RVU2Aw8,12.68,18.73
5127,ChIJscH3eyHJsGoRjMLoSHcIsm4,15.96,23.37
5075,ChIJA8JbLlhLt2oRwQltOFgMf40,6.49,7.82
5075,ChIJib2Vy7HKsGoR4HS6RVU2Aw8,4.66,6.92
5075,ChIJu3UpY0zRsGoRLMloCgGsIcA,20.2,30.97
5075,ChIJHc3SHVrasGoRMPi5RVU2Aw8,23.68,38.42
5075,ChIJty3Z1SLKsGoRQHS6RVU2Aw8,3.72,6.77
5075,ChIJscH3eyHJsGoRjMLoSHcIsm4,10.45,16.82
5554,ChIJA8JbLlhLt2oRwQltOFgMf40,149.67,110.37
5554,ChIJib2Vy7HKsGoR4HS6RVU2Aw8,154.79,115.28
5554,ChIJu3UpY0zRsGoRLMloCgGsIcA,166.27,122.95
5554,ChIJHc3SHVrasGoRMPi5RVU2Aw8,163.0,117.58
5554,ChIJty3Z1SLKsGoRQHS6RVU2Aw8,155.21,109.0
5554,ChIJscH3eyHJsGoRjMLoSHcIsm4,151.12,101.72
5011,ChIJA8JbLlhLt2oRwQltOFgMf40,22.04,33.73
5011,ChIJib2Vy7HKsGoR4HS6RVU2Aw8,19.03,30.63
5011,ChIJu3UpY0zRsGoRLMloCgGsIcA,21.05,35.1
5011,ChIJHc3SHVrasGoRMPi5RVU2Aw8,15.92,24.08
5011,ChIJty3Z1SLKsGoRQHS6RVU2Aw8,14.6,24.22
5011,ChIJscH3eyHJsGoRjMLoSHcIsm4,8.25,14.12
5052,ChIJA8JbLlhLt2oRwQltOFgMf40,26.78,40.72
5052,ChIJib2Vy7HKsGoR4HS6RVU2Aw8,20.61,32.25
5052,ChIJu3UpY0zRsGoRLMloCgGsIcA,1.35,4.0
5052,ChIJHc3SHVrasGoRMPi5RVU2Aw8,14.27,22.9
5052,ChIJty3Z1SLKsGoRQHS6RVU2Aw8,17.59,29.4
5052,ChIJscH3eyHJsGoRjMLoSHcIsm4,15.1,24.73
5032,ChIJA8JbLlhLt2oRwQltOFgMf40,21.93,35.02
5032,ChIJib2Vy7HKsGoR4HS6RVU2Aw8,18.92,31.92
5032,ChIJu3UpY0zRsGoRLMloCgGsIcA,17.26,28.92
5032,ChIJHc3SHVrasGoRMPi5RVU2Aw8,12.08,17.72
5032,ChIJty3Z1SLKsGoRQHS6RVU2Aw8,14.49,25.5
5032,ChIJscH3eyHJsGoRjMLoSHcIsm4,7.22,15.08
5093,ChIJA8JbLlhLt2oRwQltOFgMf40,7.31,10.08
5093,ChIJib2Vy7HKsGoR4HS6RVU2Aw8,10.27,15.33
5093,ChIJu3UpY0zRsGoRLMloCgGsIcA,24.01,37.03
5093,ChIJHc3SHVrasGoRMPi5RVU2Aw8,26.25,42.1
5093,ChIJty3Z1SLKsGoRQHS6RVU2Aw8,7.87,12.27
5093,ChIJscH3eyHJsGoRjMLoSHcIsm4,11.15,16.9
5035,ChIJA8JbLlhLt2oRwQltOFgMf40,21.67,33.8
5035,ChIJib2Vy7HKsGoR4HS6RVU2Aw8,15.71,26.48
5035,ChIJu3UpY0zRsGoRLMloCgGsIcA,11.2,19.12
5035,ChIJHc3SHVrasGoRMPi5RVU2Aw8,8.71,13.4
5035,ChIJty3Z1SLKsGoRQHS6RVU2Aw8,12.48,22.5
5035,ChIJscH3eyHJsGoRjMLoSHcIsm4,6.48,13.48
5047,ChIJA8JbLlhLt2oRwQltOFgMf40,31.32,45.17
5047,ChIJib2Vy7HKsGoR4HS6RVU2Aw8,25.16,36.7
5047,ChIJu3UpY0zRsGoRLMloCgGsIcA,10.91,16.68
5047,ChIJHc3SHVrasGoRMPi5RVU2Aw8,5.07,8.12
5047,ChIJty3Z1SLKsGoRQHS6RVU2Aw8,22.13,33.87
5047,ChIJscH3eyHJsGoRjMLoSHcIsm4,18.1,27.5
5051,ChIJA8JbLlhLt2oRwQltOFgMf40,28.61,42.3
5051,ChIJib2Vy7HKsGoR4HS6RVU2Aw8,22.44,33.83
5051,ChIJu3UpY0zRsGoRLMloCgGsIcA,4.87,8.98
5051,ChIJHc3SHVrasGoRMPi5RVU2Aw8,11.44,17.92
5051,ChIJty3Z1SLKsGoRQHS6RVU2Aw8,19.41,30.98
5051,ChIJscH3eyHJsGoRjMLoSHcIsm4,16.93,26.32
5082,ChIJA8JbLlhLt2oRwQltOFgMf40,15.0,22.7
5082,ChIJib2Vy7HKsGoR4HS6RVU2Aw8,11.98,19.52
5082,ChIJu3UpY0zRsGoRLMloCgGsIcA,16.99,27.62
5082,ChIJHc3SHVrasGoRMPi5RVU2Aw8,17.22,28.03
5082,ChIJty3Z1SLKsGoRQHS6RVU2Aw8,7.54,13.1
5082,ChIJscH3eyHJsGoRjMLoSHcIsm4,2.75,5.12
5048,ChIJA8JbLlhLt2oRwQltOFgMf40,32.34,49.6
5048,ChIJib2Vy7HKsGoR4HS6RVU2Aw8,26.38,42.28
5048,ChIJu3UpY0zRsGoRLMloCgGsIcA,12.63,19.48
5048,ChIJHc3SHVrasGoRMPi5RVU2Aw8,2.77,6.42
5048,ChIJty3Z1SLKsGoRQHS6RVU2Aw8,23.14,38.3
5048,ChIJscH3eyHJsGoRjMLoSHcIsm4,17.15,29.28
5043,ChIJA8JbLlhLt2oRwQltOFgMf40,27.69,42.6
5043,ChIJib2Vy7HKsGoR4HS6RVU2Aw8,21.73,35.28
5043,ChIJu3UpY0zRsGoRLMloCgGsIcA,10.75,17.87
5043,ChIJHc3SHVrasGoRMPi5RVU2Aw8,3.29,5.82
5043,ChIJty3Z1SLKsGoRQHS6RVU2Aw8,18.5,31.28
5043,ChIJscH3eyHJsGoRjMLoSHcIsm4,12.51,22.27
2016,ChIJA8JbLlhLt2oRwQltOFgMf40,1373.66,876.05
2016,ChIJib2Vy7HKsGoR4HS6RVU2Aw8,1364.45,862.73
2016,ChIJu3UpY0zRsGoRLMloCgGsIcA,1363.73,858.18
2016,ChIJHc3SHVrasGoRMPi5RVU2Aw8,1375.76,874.08
2016,ChIJty3Z1SLKsGoRQHS6RVU2Aw8,1371.27,867.88
2016,ChIJscH3eyHJsGoRjMLoSHcIsm4,1369.97,866.17
5159,ChIJA8JbLlhLt2oRwQltOFgMf40,35.46,50.28
5159,ChIJib2Vy7HKsGoR4HS6RVU2Aw8,32.38,41.12
5159,ChIJu3UpY0zRsGoRLMloCgGsIcA,11.26,15.75
5159,ChIJHc3SHVrasGoRMPi5RVU2Aw8,11.23,14.78
5159,ChIJty3Z1SLKsGoRQHS6RVU2Aw8,26.27,38.98
5159,ChIJscH3eyHJsGoRjMLoSHcIsm4,23.57,32.03
5044,ChIJA8JbLlhLt2oRwQltOFgMf40,29.29,45.9
5044,ChIJib2Vy7HKsGoR4HS6RVU2Aw8,23.34,38.58
5044,ChIJu3UpY0zRsGoRLMloCgGsIcA,14.02,22.18
5044,ChIJHc3SHVrasGoRMPi5RVU2Aw8,1.95,4.53
5044,ChIJty3Z1SLKsGoRQHS6RVU2Aw8,20.1,34.6
5044,ChIJscH3eyHJsGoRjMLoSHcIsm4,14.11,25.57
5040,ChIJA8JbLlhLt2oRwQltOFgMf40,26.74,40.55
5040,ChIJib2Vy7HKsGoR4HS6RVU2Aw8,20.78,33.25
5040,ChIJu3UpY0zRsGoRLMloCgGsIcA,14.28,24.9
5040,ChIJHc3SHVrasGoRMPi5RVU2Aw8,6.07,10.55
5040,ChIJty3Z1SLKsGoRQHS6RVU2Aw8,17.55,29.25
5040,ChIJscH3eyHJsGoRjMLoSHcIsm4,11.55,20.23
6052,ChIJA8JbLlhLt2oRwQltOFgMf40,2603.63,1636.67
6052,ChIJib2Vy7HKsGoR4HS6RVU2Aw8,2608.76,1641.58
6052,ChIJu3UpY0zRsGoRLMloCgGsIcA,2620.24,1649.23
6052,ChIJHc3SHVrasGoRMPi5RVU2Aw8,2616.97,1643.87
6052,ChIJty3Z1SLKsGoRQHS6RVU2Aw8,2609.17,1635.28
6052,ChIJscH3eyHJsGoRjMLoSHcIsm4,2605.09,1628.02
5045,ChIJA8JbLlhLt2oRwQltOFgMf40,28.15,43.3
5045,ChIJib2Vy7HKsGoR4HS6RVU2Aw8,22.19,35.98
5045,ChIJu3UpY0zRsGoRLMloCgGsIcA,16.21,26.62
5045,ChIJHc3SHVrasGoRMPi5RVU2Aw8,4.13,8.98
5045,ChIJty3Z1SLKsGoRQHS6RVU2Aw8,18.96,31.98
5045,ChIJscH3eyHJsGoRjMLoSHcIsm4,12.96,22.97
5038,ChIJA8JbLlhLt2oRwQltOFgMf40,24.31,38.02
5038,ChIJib2Vy7HKsGoR4HS6RVU2Aw8,18.36,30.7
5038,ChIJu3UpY0zRsGoRLMloCgGsIcA,12.38,22.32
5038,ChIJHc3SHVrasGoRMPi5RVU2Aw8,6.18,10.8
5038,ChIJty3Z1SLKsGoRQHS6RVU2Aw8,15.12,26.72
5038,ChIJscH3eyHJsGoRjMLoSHcIsm4,9.13,17.68
5252,ChIJA8JbLlhLt2oRwQltOFgMf40,46.53,49.1
5252,ChIJib2Vy7HKsGoR4HS6RVU2Aw8,37.98,42.33
5252,ChIJu3UpY0zRsGoRLMloCgGsIcA,41.96,37.8
5252,ChIJHc3SHVrasGoRMPi5RVU2Aw8,53.99,53.7
5252,ChIJty3Z1SLKsGoRQHS6RVU2Aw8,49.49,47.5
5252,ChIJscH3eyHJsGoRjMLoSHcIsm4,48.19,45.78
5033,ChIJA8JbLlhLt2oRwQltOFgMf40,21.88,34.33
5033,ChIJib2Vy7HKsGoR4HS6RVU2Aw8,16.69,29.18
5033,ChIJu3UpY0zRsGoRLMloCgGsIcA,13.94,23.65
5033,ChIJHc3SHVrasGoRMPi5RVU2Aw8,10.09,16.68
5033,ChIJty3Z1SLKsGoRQHS6RVU2Aw8,13.45,25.18
5033,ChIJscH3eyHJsGoRjMLoSHcIsm4,8.08,14.72
5064,ChIJA8JbLlhLt2oRwQltOFgMf40,18.66,26.8
5064,ChIJib2Vy7HKsGoR4HS6RVU2Aw8,11.11,17.15
5064,ChIJu3UpY0zRsGoRLMloCgGsIcA,8.52,12.83
5064,ChIJHc3SHVrasGoRMPi5RVU2Aw8,14.54,22.8
5064,ChIJty3Z1SLKsGoRQHS6RVU2Aw8,8.95,14.95
5064,ChIJscH3eyHJsGoRjMLoSHcIsm4,8.73,14.7
5153,ChIJA8JbLlhLt2oRwQltOFgMf40,42.8,52.05
5153,ChIJib2Vy7HKsGoR4HS6RVU2Aw8,28.34,35.32
5153,ChIJu3UpY0zRsGoRLMloCgGsIcA,23.06,29.23
5153,ChIJHc3SHVrasGoRMPi5RVU2Aw8,32.69,41.42
5153,ChIJty3Z1SLKsGoRQHS6RVU2Aw8,33.61,40.73
5153,ChIJscH3eyHJsGoRjMLoSHcIsm4,32.31,39.02
5050,ChIJA8JbLlhLt2oRwQltOFgMf40,30.44,43.55
5050,ChIJib2Vy7HKsGoR4HS6RVU2Aw8,24.27,35.08
5050,ChIJu3UpY0zRsGoRLMloCgGsIcA,6.7,10.23
5050,ChIJHc3SHVrasGoRMPi5RVU2Aw8,7.26,12.02
5050,ChIJty3Z1SLKsGoRQHS6RVU2Aw8,21.25,32.23
5050,ChIJscH3eyHJsGoRjMLoSHcIsm4,18.76,27.57
5158,ChIJA8JbLlhLt2oRwQltOFgMf40,37.43,51.52
5158,ChIJib2Vy7HKsGoR4HS6RVU2Aw8,31.27,43.05
5158,ChIJu3UpY0zRsGoRLMloCgGsIcA,17.02,23.03
5158,ChIJHc3SHVrasGoRMPi5RVU2Aw8,10.41,13.95
5158,ChIJty3Z1SLKsGoRQHS6RVU2Aw8,28.24,40.22
5158,ChIJscH3eyHJsGoRjMLoSHcIsm4,24.21,33.85
5031,ChIJA8JbLlhLt2oRwQltOFgMf40,19.67,31.15
5031,ChIJib2Vy7HKsGoR4HS6RVU2Aw8,16.65,28.05
5031,ChIJu3UpY0zRsGoRLMloCgGsIcA,15.52,26.15
5031,ChIJHc3SHVrasGoRMPi5RVU2Aw8,11.88,19.32
5031,ChIJty3Z1SLKsGoRQHS6RVU2Aw8,12.22,21.63
5031,ChIJscH3eyHJsGoRjMLoSHcIsm4,5.87,11.53
5012,ChIJA8JbLlhLt2oRwQltOFgMf40,18.28,26.77
5012,ChIJib2Vy7HKsGoR4HS6RVU2Aw8,19.32,29.43
5012,ChIJu3UpY0zRsGoRLMloCgGsIcA,22.2,35.88
5012,ChIJHc3SHVrasGoRMPi5RVU2Aw8,19.47,29.65
5012,ChIJty3Z1SLKsGoRQHS6RVU2Aw8,13.31,23.02
5012,ChIJscH3eyHJsGoRjMLoSHcIsm4,7.96,13.38
5152,ChIJA8JbLlhLt2oRwQltOFgMf40,26.58,36.32
5152,ChIJib2Vy7HKsGoR4HS6RVU2Aw8,12.2,17.75
5152,ChIJu3UpY0zRsGoRLMloCgGsIcA,11.87,15.53
5152,ChIJHc3SHVrasGoRMPi5RVU2Aw8,22.86,31.53
5152,ChIJty3Z1SLKsGoRQHS6RVU2Aw8,19.47,25.67
5152,ChIJscH3eyHJsGoRjMLoSHcIsm4,18.17,23.95
5062,ChIJA8JbLlhLt2oRwQltOFgMf40,21.74,33.27
5062,ChIJib2Vy7HKsGoR4HS6RVU2Aw8,15.58,24.8
5062,ChIJu3UpY0zRsGoRLMloCgGsIcA,5.72,10.03
5062,ChIJHc3SHVrasGoRMPi5RVU2Aw8,11.74,19.98
5062,ChIJty3Z1SLKsGoRQHS6RVU2Aw8,12.55,21.97
5062,ChIJscH3eyHJsGoRjMLoSHcIsm4,10.07,17.3
5155,ChIJA8JbLlhLt2oRwQltOFgMf40,33.37,38.68
5155,ChIJib2Vy7HKsGoR4HS6RVU2Aw8,16.54,21.38
5155,ChIJu3UpY0zRsGoRLMloCgGsIcA,16.64,17.67
5155,ChIJHc3SHVrasGoRMPi5RVU2Aw8,28.67,33.57
5155,ChIJty3Z1SLKsGoRQHS6RVU2Aw8,24.18,27.37
5155,ChIJscH3eyHJsGoRjMLoSHcIsm4,22.87,25.65
5157,ChIJA8JbLlhLt2oRwQltOFgMf40,39.39,48.75
5157,ChIJib2Vy7HKsGoR4HS6RVU2Aw8,26.42,32.87
5157,ChIJu3UpY0zRsGoRLMloCgGsIcA,15.07,19.68
5157,ChIJHc3SHVrasGoRMPi5RVU2Aw8,18.26,23.8
5157,ChIJty3Z1SLKsGoRQHS6RVU2Aw8,30.2,37.43
5157,ChIJscH3eyHJsGoRjMLoSHcIsm4,28.9,35.72
5046,ChIJA8JbLlhLt2oRwQltOFgMf40,30.22,47.1
5046,ChIJib2Vy7HKsGoR4HS6RVU2Aw8,24.26,39.78
5046,ChIJu3UpY0zRsGoRLMloCgGsIcA,11.64,17.98
5046,ChIJHc3SHVrasGoRMPi5RVU2Aw8,2.41,4.78
5046,ChIJty3Z1SLKsGoRQHS6RVU2Aw8,21.02,35.8
5046,ChIJscH3eyHJsGoRjMLoSHcIsm4,15.03,26.77
5065,ChIJA8JbLlhLt2oRwQltOFgMf40,16.48,23.47
5065,ChIJib2Vy7HKsGoR4HS6RVU2Aw8,8.93,13.82
5065,ChIJu3UpY0zRsGoRLMloCgGsIcA,10.68,16.08
5065,ChIJHc3SHVrasGoRMPi5RVU2Aw8,15.45,25.23
5065,ChIJty3Z1SLKsGoRQHS6RVU2Aw8,7.02,12.2
5065,ChIJscH3eyHJsGoRjMLoSHcIsm4,6.77,11.72
5016,ChIJA8JbLlhLt2oRwQltOFgMf40,26.05,33.42
5016,ChIJib2Vy7HKsGoR4HS6RVU2Aw8,27.08,36.1
5016,ChIJu3UpY0zRsGoRLMloCgGsIcA,34.27,43.58
5016,ChIJHc3SHVrasGoRMPi5RVU2Aw8,23.89,34.72
5016,ChIJty3Z1SLKsGoRQHS6RVU2Aw8,23.2,29.63
5016,ChIJscH3eyHJsGoRjMLoSHcIsm4,19.11,22.37
5558,ChIJA8JbLlhLt2oRwQltOFgMf40,161.35,122.92
5558,ChIJib2Vy7HKsGoR4HS6RVU2Aw8,166.47,127.83
5558,ChIJu3UpY0zRsGoRLMloCgGsIcA,177.95,135.5
5558,ChIJHc3SHVrasGoRMPi5RVU2Aw8,174.68,130.12
5558,ChIJty3Z1SLKsGoRQHS6RVU2Aw8,166.88,121.55
5558,ChIJscH3eyHJsGoRjMLoSHcIsm4,162.8,114.27
5085,ChIJA8JbLlhLt2oRwQltOFgMf40,11.39,16.65
5085,ChIJib2Vy7HKsGoR4HS6RVU2Aw8,11.59,19.0
5085,ChIJu3UpY0zRsGoRLMloCgGsIcA,19.88,31.68
5085,ChIJHc3SHVrasGoRMPi5RVU2Aw8,21.94,35.95
5085,ChIJty3Z1SLKsGoRQHS6RVU2Aw8,7.24,11.7
5085,ChIJscH3eyHJsGoRjMLoSHcIsm4,6.99,11.5
5083,ChIJA8JbLlhLt2oRwQltOFgMf40,12.89,19.72
5083,ChIJib2Vy7HKsGoR4HS6RVU2Aw8,9.97,16.57
5083,ChIJu3UpY0zRsGoRLMloCgGsIcA,16.92,27.37
5083,ChIJHc3SHVrasGoRMPi5RVU2Aw8,18.89,30.82
5083,ChIJty3Z1SLKsGoRQHS6RVU2Aw8,5.54,10.15
5083,ChIJscH3eyHJsGoRjMLoSHcIsm4,3.93,6.37
5039,ChIJA8JbLlhLt2oRwQltOFgMf40,25.65,38.67
5039,ChIJib2Vy7HKsGoR4HS6RVU2Aw8,19.53,31.18
5039,ChIJu3UpY0zRsGoRLMloCgGsIcA,9.46,17.02
5039,ChIJHc3SHVrasGoRMPi5RVU2Aw8,5.77,10.88
5039,ChIJty3Z1SLKsGoRQHS6RVU2Aw8,16.3,27.18
5039,ChIJscH3eyHJsGoRjMLoSHcIsm4,11.85,19.05
5069,ChIJA8JbLlhLt2oRwQltOFgMf40,13.17,17.8
5069,ChIJib2Vy7HKsGoR4HS6RVU2Aw8,8.41,12.9
5069,ChIJu3UpY0zRsGoRLMloCgGsIcA,12.92,20.9
5069,ChIJHc3SHVrasGoRMPi5RVU2Aw8,17.38,28.53
5069,ChIJty3Z1SLKsGoRQHS6RVU2Aw8,3.98,6.5
5069,ChIJscH3eyHJsGoRjMLoSHcIsm4,3.13,4.83
5072,ChIJA8JbLlhLt2oRwQltOFgMf40,15.96,21.4
5072,ChIJib2Vy7HKsGoR4HS6RVU2Aw8,1.28,2.12
5072,ChIJu3UpY0zRsGoRLMloCgGsIcA,21.1,30.58
5072,ChIJHc3SHVrasGoRMPi5RVU2Aw8,25.65,39.25
5072,ChIJty3Z1SLKsGoRQHS6RVU2Aw8,9.53,14.52
5072,ChIJscH3eyHJsGoRjMLoSHcIsm4,12.46,19.78
6081,ChIJA8JbLlhLt2oRwQltOFgMf40,2577.9,1617.85
6081,ChIJib2Vy7HKsGoR4HS6RVU2Aw8,2583.02,1622.75
6081,ChIJu3UpY0zRsGoRLMloCgGsIcA,2594.51,1630.42
6081,ChIJHc3SHVrasGoRMPi5RVU2Aw8,2591.23,1625.05
6081,ChIJty3Z1SLKsGoRQHS6RVU2Aw8,2583.44,1616.47
6081,ChIJscH3eyHJsGoRjMLoSHcIsm4,2579.35,1609.18
2142,ChIJA8JbLlhLt2oRwQltOFgMf40,1373.58,871.5
2142,ChIJib2Vy7HKsGoR4HS6RVU2Aw8,1364.38,858.18
2142,ChIJu3UpY0zRsGoRLMloCgGsIcA,1363.66,853.63
2142,ChIJHc3SHVrasGoRMPi5RVU2Aw8,1375.69,869.53
2142,ChIJty3Z1SLKsGoRQHS6RVU2Aw8,1371.19,863.35
2142,ChIJscH3eyHJsGoRjMLoSHcIsm4,1369.89,861.63
5007,ChIJA8JbLlhLt2oRwQltOFgMf40,17.81,27.67
5007,ChIJib2Vy7HKsGoR4HS6RVU2Aw8,14.79,24.57
5007,ChIJu3UpY0zRsGoRLMloCgGsIcA,16.82,29.03
5007,ChIJHc3SHVrasGoRMPi5RVU2Aw8,14.38,24.45
5007,ChIJty3Z1SLKsGoRQHS6RVU2Aw8,10.36,18.15
5007,ChIJscH3eyHJsGoRjMLoSHcIsm4,4.01,8.05
5025,ChIJA8JbLlhLt2oRwQltOFgMf40,21.38,33.82
5025,ChIJib2Vy7HKsGoR4HS6RVU2Aw8,18.36,30.72
5025,ChIJu3UpY0zRsGoRLMloCgGsIcA,19.24,31.57
5025,ChIJHc3SHVrasGoRMPi5RVU2Aw8,13.05,19.35
5025,ChIJty3Z1SLKsGoRQHS6RVU2Aw8,13.93,24.3
5025,ChIJscH3eyHJsGoRjMLoSHcIsm4,7.58,14.2
5116,ChIJA8JbLlhLt2oRwQltOFgMf40,29.18,33.27
5116,ChIJib2Vy7HKsGoR4HS6RVU2Aw8,38.53,45.58
5116,ChIJu3UpY0zRsGoRLMloCgGsIcA,59.86,57.07
5116,ChIJHc3SHVrasGoRMPi5RVU2Aw8,56.58,51.7
5116,ChIJty3Z1SLKsGoRQHS6RVU2Aw8,36.12,42.52
5116,ChIJscH3eyHJsGoRjMLoSHcIsm4,44.7,35.85
5084,ChIJA8JbLlhLt2oRwQltOFgMf40,13.21,20.0
5084,ChIJib2Vy7HKsGoR4HS6RVU2Aw8,14.24,22.67
5084,ChIJu3UpY0zRsGoRLMloCgGsIcA,20.3,32.43
5084,ChIJHc3SHVrasGoRMPi5RVU2Aw8,21.27,32.68
5084,ChIJty3Z1SLKsGoRQHS6RVU2Aw8,9.21,15.43
5084,ChIJscH3eyHJsGoRjMLoSHcIsm4,6.45,10.48
5491,ChIJA8JbLlhLt2oRwQltOFgMf40,203.3,150.35
5491,ChIJib2Vy7HKsGoR4HS6RVU2Aw8,210.07,163.6
5491,ChIJu3UpY0zRsGoRLMloCgGsIcA,232.64,171.77
5491,ChIJHc3SHVrasGoRMPi5RVU2Aw8,229.37,166.38
5491,ChIJty3Z1SLKsGoRQHS6RVU2Aw8,221.57,157.82
5491,ChIJscH3eyHJsGoRjMLoSHcIsm4,217.49,150.53
5049,ChIJA8JbLlhLt2oRwQltOFgMf40,35.47,51.22
5049,ChIJib2Vy7HKsGoR4HS6RVU2Aw8,29.31,42.75
5049,ChIJu3UpY0zRsGoRLMloCgGsIcA,15.06,22.73
5049,ChIJHc3SHVrasGoRMPi5RVU2Aw8,5.88,10.1
5049,ChIJty3Z1SLKsGoRQHS6RVU2Aw8,26.28,39.9
5049,ChIJscH3eyHJsGoRjMLoSHcIsm4,22.25,33.53
5042,ChIJA8JbLlhLt2oRwQltOFgMf40,27.09,40.07
5042,ChIJib2Vy7HKsGoR4HS6RVU2Aw8,20.92,31.6
5042,ChIJu3UpY0zRsGoRLMloCgGsIcA,9.72,14.02
5042,ChIJHc3SHVrasGoRMPi5RVU2Aw8,7.59,12.87
5042,ChIJty3Z1SLKsGoRQHS6RVU2Aw8,17.89,28.75
5042,ChIJscH3eyHJsGoRjMLoSHcIsm4,15.41,24.08
5017,ChIJA8JbLlhLt2oRwQltOFgMf40,28.32,35.37
5017,ChIJib2Vy7HKsGoR4HS6RVU2Aw8,29.36,38.03
5017,ChIJu3UpY0zRsGoRLMloCgGsIcA,36.54,45.53
5017,ChIJHc3SHVrasGoRMPi5RVU2Aw8,26.21,37.0
5017,ChIJty3Z1SLKsGoRQHS6RVU2Aw8,25.48,31.58
5017,ChIJscH3eyHJsGoRjMLoSHcIsm4,21.39,24.3
5068,ChIJA8JbLlhLt2oRwQltOFgMf40,13.04,18.15
5068,ChIJib2Vy7HKsGoR4HS6RVU2Aw8,5.51,8.75
5068,ChIJu3UpY0zRsGoRLMloCgGsIcA,14.09,21.02
5068,ChIJHc3SHVrasGoRMPi5RVU2Aw8,18.63,29.9
5068,ChIJty3Z1SLKsGoRQHS6RVU2Aw8,4.68,8.57
5068,ChIJscH3eyHJsGoRjMLoSHcIsm4,6.8,11.45
5154,ChIJA8JbLlhLt2oRwQltOFgMf40,31.89,40.45
5154,ChIJib2Vy7HKsGoR4HS6RVU2Aw8,17.26,22.63
5154,ChIJu3UpY0zRsGoRLMloCgGsIcA,14.91,20.08
5154,ChIJHc3SHVrasGoRMPi5RVU2Aw8,27.2,35.33
5154,ChIJty3Z1SLKsGoRQHS6RVU2Aw8,22.7,29.15
5154,ChIJscH3eyHJsGoRjMLoSHcIsm4,21.4,27.42
5166,ChIJA8JbLlhLt2oRwQltOFgMf40,45.74,56.98
5166,ChIJib2Vy7HKsGoR4HS6RVU2Aw8,39.58,48.52
5166,ChIJu3UpY0zRsGoRLMloCgGsIcA,25.31,28.43
5166,ChIJHc3SHVrasGoRMPi5RVU2Aw8,18.05,21.67
5166,ChIJty3Z1SLKsGoRQHS6RVU2Aw8,36.55,45.68
5166,ChIJscH3eyHJsGoRjMLoSHcIsm4,32.52,39.32
5061,ChIJA8JbLlhLt2oRwQltOFgMf40,19.85,30.72
5061,ChIJib2Vy7HKsGoR4HS6RVU2Aw8,13.89,23.4
5061,ChIJu3UpY0zRsGoRLMloCgGsIcA,7.97,13.85
5061,ChIJHc3SHVrasGoRMPi5RVU2Aw8,12.59,21.53
5061,ChIJty3Z1SLKsGoRQHS6RVU2Aw8,10.66,19.4
5061,ChIJscH3eyHJsGoRjMLoSHcIsm4,8.17,14.73
4059,ChIJA8JbLlhLt2oRwQltOFgMf40,2028.02,1304.88
4059,ChIJib2Vy7HKsGoR4HS6RVU2Aw8,2002.68,1302.32
4059,ChIJu3UpY0zRsGoRLMloCgGsIcA,2001.96,1297.77
4059,ChIJHc3SHVrasGoRMPi5RVU2Aw8,2013.99,1313.67
4059,ChIJty3Z1SLKsGoRQHS6RVU2Aw8,2009.5,1307.48
4059,ChIJscH3eyHJsGoRjMLoSHcIsm4,2040.14,1306.9
5244,ChIJA8JbLlhLt2oRwQltOFgMf40,29.05,30.8
5244,ChIJib2Vy7HKsGoR4HS6RVU2Aw8,32.25,34.78
5244,ChIJu3UpY0zRsGoRLMloCgGsIcA,38.88,38.15
5244,ChIJHc3SHVrasGoRMPi5RVU2Aw8,50.92,54.05
5244,ChIJty3Z1SLKsGoRQHS6RVU2Aw8,40.77,47.75
5244,ChIJscH3eyHJsGoRjMLoSHcIsm4,45.12,46.15
5117,ChIJA8JbLlhLt2oRwQltOFgMf40,29.66,34.15
5117,ChIJib2Vy7HKsGoR4HS6RVU2Aw8,41.23,43.82
5117,ChIJu3UpY0zRsGoRLMloCgGsIcA,52.32,52.57
5117,ChIJHc3SHVrasGoRMPi5RVU2Aw8,49.04,47.2
5117,ChIJty3Z1SLKsGoRQHS6RVU2Aw8,41.25,38.62
5117,ChIJscH3eyHJsGoRjMLoSHcIsm4,37.16,31.33
5041,ChIJA8JbLlhLt2oRwQltOFgMf40,24.25,36.73
5041,ChIJib2Vy7HKsGoR4HS6RVU2Aw8,18.08,28.28
5041,ChIJu3UpY0zRsGoRLMloCgGsIcA,7.88,12.27
5041,ChIJHc3SHVrasGoRMPi5RVU2Aw8,7.87,13.33
5041,ChIJty3Z1SLKsGoRQHS6RVU2Aw8,15.05,25.43
5041,ChIJscH3eyHJsGoRjMLoSHcIsm4,9.93,19.9
5008,ChIJA8JbLlhLt2oRwQltOFgMf40,18.47,27.9
5008,ChIJib2Vy7HKsGoR4HS6RVU2Aw8,15.46,24.8
5008,ChIJu3UpY0zRsGoRLMloCgGsIcA,18.91,30.78
5008,ChIJHc3SHVrasGoRMPi5RVU2Aw8,16.02,27.43
5008,ChIJty3Z1SLKsGoRQHS6RVU2Aw8,11.03,18.38
5008,ChIJscH3eyHJsGoRjMLoSHcIsm4,4.67,8.28
5173,ChIJA8JbLlhLt2oRwQltOFgMf40,64.09,71.03
5173,ChIJib2Vy7HKsGoR4HS6RVU2Aw8,57.92,62.57
5173,ChIJu3UpY0zRsGoRLMloCgGsIcA,43.66,42.47
5173,ChIJHc3SHVrasGoRMPi5RVU2Aw8,38.42,36.68
5173,ChIJty3Z1SLKsGoRQHS6RVU2Aw8,54.9,59.72
5173,ChIJscH3eyHJsGoRjMLoSHcIsm4,50.87,53.35
3058,ChIJA8JbLlhLt2oRwQltOFgMf40,733.9,489.68
3058,ChIJib2Vy7HKsGoR4HS6RVU2Aw8,724.7,476.37
3058,ChIJu3UpY0zRsGoRLMloCgGsIcA,723.98,471.82
3058,ChIJHc3SHVrasGoRMPi5RVU2Aw8,736.01,487.72
3058,ChIJty3Z1SLKsGoRQHS6RVU2Aw8,731.52,481.53
3058,ChIJscH3eyHJsGoRjMLoSHcIsm4,730.21,479.8
2606,ChIJA8JbLlhLt2oRwQltOFgMf40,1175.81,759.1
2606,ChIJib2Vy7HKsGoR4HS6RVU2Aw8,1166.61,745.78
2606,ChIJu3UpY0zRsGoRLMloCgGsIcA,1165.88,741.22
2606,ChIJHc3SHVrasGoRMPi5RVU2Aw8,1177.92,757.12
2606,ChIJty3Z1SLKsGoRQHS6RVU2Aw8,1173.42,750.93
2606,ChIJscH3eyHJsGoRjMLoSHcIsm4,1172.12,749.22
2602,ChIJA8JbLlhLt2oRwQltOFgMf40,1161.49,749.13
2602,ChIJib2Vy7HKsGoR4HS6RVU2Aw8,1152.29,735.82
2602,ChIJu3UpY0zRsGoRLMloCgGsIcA,1151.57,731.27
2602,ChIJHc3SHVrasGoRMPi5RVU2Aw8,1163.6,747.17
2602,ChIJty3Z1SLKsGoRQHS6RVU2Aw8,1159.1,740.97
2602,ChIJscH3eyHJsGoRjMLoSHcIsm4,1157.8,739.25
5162,ChIJA8JbLlhLt2oRwQltOFgMf40,41.65,54.1
5162,ChIJib2Vy7HKsGoR4HS6RVU2Aw8,35.49,45.63
5162,ChIJu3UpY0zRsGoRLMloCgGsIcA,21.22,25.55
5162,ChIJHc3SHVrasGoRMPi5RVU2Aw8,15.43,20.47
5162,ChIJty3Z1SLKsGoRQHS6RVU2Aw8,32.46,42.8
5162,ChIJscH3eyHJsGoRjMLoSHcIsm4,28.43,36.43
2137,ChIJA8JbLlhLt2oRwQltOFgMf40,1369.71,876.93
2137,ChIJib2Vy7HKsGoR4HS6RVU2Aw8,1360.51,863.62
2137,ChIJu3UpY0zRsGoRLMloCgGsIcA,1359.79,859.07
2137,ChIJHc3SHVrasGoRMPi5RVU2Aw8,1371.82,874.97
2137,ChIJty3Z1SLKsGoRQHS6RVU2Aw8,1367.32,868.78
2137,ChIJscH3eyHJsGoRjMLoSHcIsm4,1366.02,867.05
5098,ChIJA8JbLlhLt2oRwQltOFgMf40,9.6,14.05
5098,ChIJib2Vy7HKsGoR4HS6RVU2Aw8,10.97,17.32
5098,ChIJu3UpY0zRsGoRLMloCgGsIcA,23.96,37.47
5098,ChIJHc3SHVrasGoRMPi5RVU2Aw8,31.95,40.1
5098,ChIJty3Z1SLKsGoRQHS6RVU2Aw8,8.56,14.25
5098,ChIJscH3eyHJsGoRjMLoSHcIsm4,11.79,17.58
5021,ChIJA8JbLlhLt2oRwQltOFgMf40,23.53,33.95
5021,ChIJib2Vy7HKsGoR4HS6RVU2Aw8,24.56,36.63
5021,ChIJu3UpY0zRsGoRLMloCgGsIcA,25.67,42.58
5021,ChIJHc3SHVrasGoRMPi5RVU2Aw8,16.91,25.37
5021,ChIJty3Z1SLKsGoRQHS6RVU2Aw8,19.06,31.62
5021,ChIJscH3eyHJsGoRjMLoSHcIsm4,12.86,21.6
5066,ChIJA8JbLlhLt2oRwQltOFgMf40,16.15,23.08
5066,ChIJib2Vy7HKsGoR4HS6RVU2Aw8,8.6,13.43
5066,ChIJu3UpY0zRsGoRLMloCgGsIcA,11.44,18.15
5066,ChIJHc3SHVrasGoRMPi5RVU2Aw8,17.46,28.1
5066,ChIJty3Z1SLKsGoRQHS6RVU2Aw8,7.79,13.5
5066,ChIJscH3eyHJsGoRjMLoSHcIsm4,9.4,15.47
2194,ChIJA8JbLlhLt2oRwQltOFgMf40,1364.51,867.07
2194,ChIJib2Vy7HKsGoR4HS6RVU2Aw8,1355.31,853.75
2194,ChIJu3UpY0zRsGoRLMloCgGsIcA,1354.58,849.2
2194,ChIJHc3SHVrasGoRMPi5RVU2Aw8,1366.62,865.1
2194,ChIJty3Z1SLKsGoRQHS6RVU2Aw8,1362.12,858.92
2194,ChIJscH3eyHJsGoRjMLoSHcIsm4,1360.82,857.18
5019,ChIJA8JbLlhLt2oRwQltOFgMf40,23.29,34.32
5019,ChIJib2Vy7HKsGoR4HS6RVU2Aw8,24.32,36.98
5019,ChIJu3UpY0zRsGoRLMloCgGsIcA,27.97,45.55
5019,ChIJHc3SHVrasGoRMPi5RVU2Aw8,20.73,29.47
5019,ChIJty3Z1SLKsGoRQHS6RVU2Aw8,20.72,32.42
5019,ChIJscH3eyHJsGoRjMLoSHcIsm4,14.58,23.22
5290,ChIJA8JbLlhLt2oRwQltOFgMf40,441.3,292.22
5290,ChIJib2Vy7HKsGoR4HS6RVU2Aw8,432.1,278.9
5290,ChIJu3UpY0zRsGoRLMloCgGsIcA,431.37,274.35
5290,ChIJHc3SHVrasGoRMPi5RVU2Aw8,443.4,290.25
5290,ChIJty3Z1SLKsGoRQHS6RVU2Aw8,438.91,284.05
5290,ChIJscH3eyHJsGoRjMLoSHcIsm4,437.61,282.33
3064,ChIJA8JbLlhLt2oRwQltOFgMf40,756.48,499.33
3064,ChIJib2Vy7HKsGoR4HS6RVU2Aw8,747.28,486.02
3064,ChIJu3UpY0zRsGoRLMloCgGsIcA,746.56,481.47
3064,ChIJHc3SHVrasGoRMPi5RVU2Aw8,758.59,497.37
3064,ChIJty3Z1SLKsGoRQHS6RVU2Aw8,754.1,491.18
3064,ChIJscH3eyHJsGoRjMLoSHcIsm4,752.79,489.47
3726,ChIJA8JbLlhLt2oRwQltOFgMf40,816.54,540.33
3726,ChIJib2Vy7HKsGoR4HS6RVU2Aw8,807.34,527.02
3726,ChIJu3UpY0zRsGoRLMloCgGsIcA,806.61,522.47
3726,ChIJHc3SHVrasGoRMPi5RVU2Aw8,818.64,538.37
3726,ChIJty3Z1SLKsGoRQHS6RVU2Aw8,814.15,532.17
3726,ChIJscH3eyHJsGoRjMLoSHcIsm4,812.85,530.45
5204,ChIJA8JbLlhLt2oRwQltOFgMf40,116.04,113.23
5204,ChIJib2Vy7HKsGoR4HS6RVU2Aw8,109.88,104.77
5204,ChIJu3UpY0zRsGoRLMloCgGsIcA,95.61,84.68
5204,ChIJHc3SHVrasGoRMPi5RVU2Aw8,90.38,78.88
5204,ChIJty3Z1SLKsGoRQHS6RVU2Aw8,106.85,101.92
5204,ChIJscH3eyHJsGoRjMLoSHcIsm4,102.82,95.57
5109,ChIJA8JbLlhLt2oRwQltOFgMf40,10.51,14.65
5109,ChIJib2Vy7HKsGoR4HS6RVU2Aw8,19.87,26.97
5109,ChIJu3UpY0zRsGoRLMloCgGsIcA,32.4,46.48
5109,ChIJHc3SHVrasGoRMPi5RVU2Aw8,36.94,44.78
5109,ChIJty3Z1SLKsGoRQHS6RVU2Aw8,17.46,23.9
5109,ChIJscH3eyHJsGoRjMLoSHcIsm4,18.55,24.52
5141,ChIJA8JbLlhLt2oRwQltOFgMf40,23.86,36.1
5141,ChIJib2Vy7HKsGoR4HS6RVU2Aw8,8.2,16.15
5141,ChIJu3UpY0zRsGoRLMloCgGsIcA,19.04,28.93
5141,ChIJHc3SHVrasGoRMPi5RVU2Aw8,27.18,44.57
5141,ChIJty3Z1SLKsGoRQHS6RVU2Aw8,16.89,29.07
5141,ChIJscH3eyHJsGoRjMLoSHcIsm4,18.5,31.05
